{"Predictions":{"0":[341.398468916],"1":[341.641761353],"2":[344.2192974954],"3":[344.4979691817],"4":[338.2598416433],"5":[340.302132472],"6":[338.2012408366],"7":[341.4733994907],"8":[348.5958260775],"9":[348.3720206594],"10":[350.1836193644],"11":[349.5194869289],"12":[349.9288423689],"13":[349.0179330724],"14":[346.5365365446],"15":[345.1517317503],"16":[344.8042175183],"17":[346.4227891313],"18":[346.1615131844],"19":[344.0574174379],"20":[340.8431440056],"21":[339.9778298487],"22":[337.5440505079],"23":[340.9014525816],"24":[342.2913283066],"25":[347.8950505728],"26":[352.4898760751],"27":[355.8444521206],"28":[357.487386323],"29":[360.3273792007],"30":[362.2895394729],"31":[366.1455467502],"32":[361.2205833602],"33":[357.3845463519],"34":[355.9115191089],"35":[355.2207814101],"36":[353.1561879677],"37":[347.4292951648],"38":[346.2760433451],"39":[346.3011921717],"40":[345.4065163427],"41":[345.9152551116],"42":[351.0640177288],"43":[353.88280385],"44":[354.859910927],"45":[354.60091441],"46":[355.1279690456],"47":[355.9388545408],"48":[357.3200138163],"49":[358.0863839418],"50":[361.5599797597],"51":[359.5210001057],"52":[358.3855896134],"53":[358.5757917021],"54":[360.2142239432],"55":[366.4831329461],"56":[370.0401994277],"57":[371.2641130351],"58":[371.4420154345],"59":[371.0268395486],"60":[370.4466743445],"61":[377.3215249318],"62":[376.2663286826],"63":[375.3154132182],"64":[372.6152583793],"65":[374.0414965207],"66":[377.6176022561],"67":[369.5369038831],"68":[373.4236589553],"69":[376.4546990397],"70":[381.8730493193],"71":[386.6444647883],"72":[378.0464056355],"73":[379.5833744328],"74":[377.7030477029],"75":[375.6876643687],"76":[375.321870887],"77":[376.7907064181],"78":[375.475587404],"79":[379.2525213026],"80":[376.9032697131],"81":[377.8633437697],"82":[387.073233396],"83":[384.9387501944],"84":[387.897070913],"85":[393.6113356414],"86":[395.1884365136],"87":[392.4126602947],"88":[391.4935134255],"89":[389.5951438195],"90":[391.9842418997],"91":[394.0040361499],"92":[395.3314127806],"93":[397.8501500442],"94":[398.8039202587],"95":[395.1426352056],"96":[392.846221787],"97":[390.9070448131],"98":[447.7143915366]},"Actual":{"0":343.51,"1":344.51,"2":344.16,"3":337.82,"4":340.4,"5":338.49,"6":341.6,"7":349.06,"8":348.43,"9":349.76,"10":349.54,"11":350.08,"12":348.9,"13":346.32,"14":345.03,"15":344.91,"16":346.58,"17":346.1,"18":343.75,"19":340.56,"20":340.03,"21":337.54,"22":341.08,"23":342.51,"24":348.13,"25":352.71,"26":355.92,"27":357.35,"28":360.45,"29":362.44,"30":366.27,"31":360.78,"32":356.84,"33":356.03,"34":355.51,"35":352.87,"36":346.91,"37":346.22,"38":346.63,"39":345.37,"40":345.72,"41":351.44,"42":354.14,"43":354.56,"44":354.35,"45":355.25,"46":356.05,"47":357.34,"48":358.05,"49":361.69,"50":359.37,"51":358.05,"52":358.63,"53":360.5,"54":366.76,"55":370.15,"56":370.97,"57":371.19,"58":371.04,"59":370.41,"60":377.68,"61":376.28,"62":374.74,"63":372.32,"64":374.33,"65":377.89,"66":368.89,"67":373.15,"68":377.19,"69":382.19,"70":386.41,"71":377.29,"72":379.21,"73":378.08,"74":375.51,"75":375.0,"76":377.0,"77":375.37,"78":379.22,"79":376.8,"80":377.65,"81":387.67,"82":384.96,"83":387.31,"84":394.04,"85":395.41,"86":391.64,"87":391.16,"88":389.72,"89":392.08,"90":394.07,"91":395.21,"92":397.75,"93":398.77,"94":394.69,"95":392.44,"96":390.91,"97":451.75,"98":0.0},"Date":{"0":1549463400000,"1":1549549800000,"2":1549636200000,"3":1549895400000,"4":1549981800000,"5":1550068200000,"6":1550154600000,"7":1550241000000,"8":1550586600000,"9":1550673000000,"10":1550759400000,"11":1550845800000,"12":1551105000000,"13":1551191400000,"14":1551277800000,"15":1551364200000,"16":1551450600000,"17":1551709800000,"18":1551796200000,"19":1551882600000,"20":1551969000000,"21":1552055400000,"22":1552311000000,"23":1552397400000,"24":1552483800000,"25":1552570200000,"26":1552656600000,"27":1552915800000,"28":1553002200000,"29":1553088600000,"30":1553175000000,"31":1553261400000,"32":1553520600000,"33":1553607000000,"34":1553693400000,"35":1553779800000,"36":1553866200000,"37":1554125400000,"38":1554211800000,"39":1554298200000,"40":1554384600000,"41":1554471000000,"42":1554730200000,"43":1554816600000,"44":1554903000000,"45":1554989400000,"46":1555075800000,"47":1555335000000,"48":1555421400000,"49":1555507800000,"50":1555594200000,"51":1555939800000,"52":1556026200000,"53":1556112600000,"54":1556199000000,"55":1556285400000,"56":1556544600000,"57":1556631000000,"58":1556717400000,"59":1556803800000,"60":1556890200000,"61":1557149400000,"62":1557235800000,"63":1557322200000,"64":1557408600000,"65":1557495000000,"66":1557754200000,"67":1557840600000,"68":1557927000000,"69":1558013400000,"70":1558099800000,"71":1558359000000,"72":1558445400000,"73":1558531800000,"74":1558618200000,"75":1558704600000,"76":1559050200000,"77":1559136600000,"78":1559223000000,"79":1559309400000,"80":1559568600000,"81":1559655000000,"82":1559741400000,"83":1559827800000,"84":1559914200000,"85":1560173400000,"86":1560259800000,"87":1560346200000,"88":1560432600000,"89":1560519000000,"90":1560778200000,"91":1560864600000,"92":1560951000000,"93":1561037400000,"94":1561123800000,"95":1561383000000,"96":1561469400000,"97":1586266200000,"98":1586354400000}}