{"Predictions":{"0":[38.445886663],"1":[38.4907967054],"2":[36.681923433],"3":[36.017772333],"4":[36.3872784383],"5":[36.5415046826],"6":[36.0846409237],"7":[36.6419364875],"8":[36.2182773048],"9":[36.8216238192],"10":[37.4663387275],"11":[37.8811742481],"12":[36.4360787548],"13":[36.4191567256],"14":[36.6945949504],"15":[36.4452451276],"16":[37.3723098913],"17":[37.503163652],"18":[37.2312046865],"19":[37.2644489195],"20":[37.4726213577],"21":[36.4120885005],"22":[35.5488237542],"23":[34.2105014846],"24":[32.6200327754],"25":[32.4452841939],"26":[30.79144931],"27":[30.4350526954],"28":[31.9890932445],"29":[30.5120965782],"30":[30.9494615138],"31":[28.9737789552],"32":[28.3270639542],"33":[26.9478924598],"34":[28.728150658],"35":[27.565243657],"36":[25.489932144],"37":[25.4898713315],"38":[22.6742451562],"39":[23.6915578029],"40":[21.1663276579],"41":[21.6009985697],"42":[20.0319640043],"43":[19.3441295799],"44":[21.4419557072],"45":[23.3477878094],"46":[24.9118497953],"47":[22.0451567322],"48":[23.6953273189],"49":[23.0698384399],"50":[21.4149499222],"51":[21.7316676077],"52":[21.457868186],"53":[24.2650092021],"54":[25.084404396]},"Actual":{"0":38.4,"1":36.9,"2":36.04,"3":36.37,"4":36.62,"5":35.99,"6":36.46,"7":36.33,"8":36.83,"9":37.4,"10":37.93,"11":36.5,"12":36.37,"13":36.78,"14":36.61,"15":37.16,"16":37.52,"17":37.31,"18":37.22,"19":37.53,"20":36.54,"21":35.5,"22":34.27,"23":32.83,"24":32.4,"25":30.99,"26":30.45,"27":31.79,"28":30.71,"29":30.67,"30":29.12,"31":28.52,"32":27.13,"33":28.76,"34":27.52,"35":25.56,"36":25.38,"37":23.19,"38":23.79,"39":21.41,"40":21.94,"41":20.05,"42":19.81,"43":21.65,"44":23.34,"45":24.6,"46":22.04,"47":23.77,"48":22.88,"49":21.565,"50":21.84,"51":21.59,"52":24.45,"53":24.97,"54":0.0},"Date":{"0":1579703400000,"1":1579789800000,"2":1579876200000,"3":1580135400000,"4":1580221800000,"5":1580308200000,"6":1580394600000,"7":1580481000000,"8":1580740200000,"9":1580826600000,"10":1580913000000,"11":1580999400000,"12":1581085800000,"13":1581345000000,"14":1581431400000,"15":1581517800000,"16":1581604200000,"17":1581690600000,"18":1582036200000,"19":1582122600000,"20":1582209000000,"21":1582295400000,"22":1582554600000,"23":1582641000000,"24":1582727400000,"25":1582813800000,"26":1582900200000,"27":1583159400000,"28":1583245800000,"29":1583332200000,"30":1583418600000,"31":1583505000000,"32":1583760600000,"33":1583847000000,"34":1583933400000,"35":1584019800000,"36":1584106200000,"37":1584365400000,"38":1584451800000,"39":1584538200000,"40":1584624600000,"41":1584711000000,"42":1584970200000,"43":1585056600000,"44":1585143000000,"45":1585229400000,"46":1585315800000,"47":1585575000000,"48":1585661400000,"49":1585747800000,"50":1585834200000,"51":1585920600000,"52":1586179800000,"53":1586266200000,"54":1586354400000}}