{"Predictions":{"0":[39.1451783416],"1":[39.1256349923],"2":[37.1609189969],"3":[36.6228797142],"4":[36.9065408295],"5":[37.1358551022],"6":[36.7465177492],"7":[37.2369458474],"8":[36.9669021236],"9":[37.6206302023],"10":[38.0923572354],"11":[38.6595823123],"12":[36.9476093757],"13":[37.0559653062],"14":[37.179405613],"15":[37.0144797351],"16":[37.9523709437],"17":[37.9733197382],"18":[37.7442938953],"19":[37.8158113567],"20":[37.9516340278],"21":[36.8955670941],"22":[36.0330020225],"23":[34.5767119417],"24":[33.0201669684],"25":[32.8876248862],"26":[31.1557266291],"27":[30.8022599247],"28":[32.3686155991],"29":[30.8019420025],"30":[31.2894835664],"31":[29.2041751371],"32":[28.6635142188],"33":[27.281596834],"34":[29.1798379158],"35":[27.8025687391],"36":[26.2359381955],"37":[26.2026763539],"38":[23.4949395697],"39":[25.2060385012],"40":[22.1864981508],"41":[22.5754057112],"42":[20.9862358783],"43":[19.8303353438],"44":[21.9405390322],"45":[24.238312727],"46":[25.2929537188],"47":[22.4274049853],"48":[24.2009511972],"49":[23.6619757069],"50":[22.2988693757],"51":[22.5976905982],"52":[22.1613852557],"53":[24.9201775038],"54":[25.5461028787]},"Actual":{"0":39.09,"1":37.49,"2":36.61,"3":36.88,"4":37.14,"5":36.58,"6":37.03,"7":37.08,"8":37.59,"9":38.03,"10":38.67,"11":37.11,"12":37.0,"13":37.3,"14":37.13,"15":37.67,"16":38.0,"17":37.8,"18":37.78,"19":38.03,"20":37.03,"21":35.99,"22":34.69,"23":33.21,"24":32.79,"25":31.34,"26":30.74,"27":32.11,"28":30.99,"29":30.93,"30":29.44,"31":28.84,"32":27.48,"33":29.11,"34":27.78,"35":26.22,"36":26.15,"37":24.01,"38":25.14,"39":22.34,"40":22.82,"41":20.99,"42":20.2,"43":22.29,"44":24.14,"45":24.97,"46":22.51,"47":24.31,"48":23.63,"49":22.34,"50":22.67,"51":22.3,"52":25.06,"53":25.49,"54":0.0},"Date":{"0":1579703400000,"1":1579789800000,"2":1579876200000,"3":1580135400000,"4":1580221800000,"5":1580308200000,"6":1580394600000,"7":1580481000000,"8":1580740200000,"9":1580826600000,"10":1580913000000,"11":1580999400000,"12":1581085800000,"13":1581345000000,"14":1581431400000,"15":1581517800000,"16":1581604200000,"17":1581690600000,"18":1582036200000,"19":1582122600000,"20":1582209000000,"21":1582295400000,"22":1582554600000,"23":1582641000000,"24":1582727400000,"25":1582813800000,"26":1582900200000,"27":1583159400000,"28":1583245800000,"29":1583332200000,"30":1583418600000,"31":1583505000000,"32":1583760600000,"33":1583847000000,"34":1583933400000,"35":1584019800000,"36":1584106200000,"37":1584365400000,"38":1584451800000,"39":1584538200000,"40":1584624600000,"41":1584711000000,"42":1584970200000,"43":1585056600000,"44":1585143000000,"45":1585229400000,"46":1585315800000,"47":1585575000000,"48":1585661400000,"49":1585747800000,"50":1585834200000,"51":1585920600000,"52":1586179800000,"53":1586266200000,"54":1586354400000}}