{"Predictions":{"0":[43.7305272206],"1":[46.1131490211],"2":[45.4345275479],"3":[46.2211777274],"4":[45.9595319212],"5":[46.3651561318],"6":[46.4266502306],"7":[46.9021412501],"8":[47.4006740146],"9":[47.5457892191],"10":[47.6465704667],"11":[47.3746453634],"12":[48.1772690717],"13":[48.0641447171],"14":[48.0341196426],"15":[48.3878511619],"16":[47.8069837068],"17":[47.3044022866],"18":[47.4347713667],"19":[47.1564575143],"20":[47.1482318411],"21":[47.1914837438],"22":[47.0255959462],"23":[46.9409279643],"24":[46.9751630691],"25":[46.8291094276],"26":[46.5986015392],"27":[47.1008255601],"28":[46.9301896223],"29":[47.2851944556],"30":[47.3141309558],"31":[47.8209386376],"32":[48.0002421285],"33":[48.2602091183],"34":[48.1967093219],"35":[48.8888919865],"36":[49.1019008],"37":[49.4294200192],"38":[49.7769079062],"39":[49.6919188779],"40":[49.421396723],"41":[49.9316760587],"42":[49.7002044093],"43":[49.6805513649],"44":[49.7188307184],"45":[49.6987228866],"46":[49.6858002319],"47":[49.6216388627],"48":[49.6634648804],"49":[49.7016126311],"50":[49.6858534263],"51":[49.7969596778],"52":[50.259362748],"53":[50.1254642354],"54":[50.2654610685],"55":[50.1125989214],"56":[50.2330937094],"57":[50.3442360461],"58":[50.3941896565],"59":[50.0457819156],"60":[50.317006433],"61":[50.5123811372],"62":[50.8415735535],"63":[51.5783648609],"64":[51.4945748998],"65":[51.8182308166],"66":[51.6310352994],"67":[51.133793425],"68":[51.0437573067],"69":[51.3431842465],"70":[51.8294764487],"71":[51.192081571],"72":[51.6686718455],"73":[51.80810576],"74":[52.7897279481],"75":[52.2019444164],"76":[52.3931467674],"77":[52.2128161176],"78":[52.1767895336],"79":[52.0312446877],"80":[52.1459674069],"81":[51.0540658753],"82":[51.2223074725],"83":[51.2174700499],"84":[50.8873923039],"85":[51.4825277101],"86":[52.0767160643],"87":[52.9033129828],"88":[53.4133474902],"89":[54.059639093],"90":[54.237286932],"91":[54.0811321707],"92":[54.5898328277],"93":[54.6687344401],"94":[55.0768989588],"95":[54.7733392928],"96":[54.6538782605],"97":[51.9641383334]},"Actual":{"0":46.26,"1":45.57,"2":46.11,"3":45.98,"4":46.2,"5":46.5,"6":46.9,"7":47.45,"8":47.55,"9":47.61,"10":47.32,"11":48.16,"12":48.1,"13":47.99,"14":48.41,"15":47.72,"16":47.21,"17":47.43,"18":47.13,"19":47.16,"20":47.23,"21":46.99,"22":46.93,"23":46.97,"24":46.81,"25":46.58,"26":47.12,"27":46.95,"28":47.28,"29":47.35,"30":47.8,"31":48.04,"32":48.24,"33":48.18,"34":48.88,"35":49.13,"36":49.41,"37":49.79,"38":49.63,"39":49.35,"40":49.92,"41":49.69,"42":49.64,"43":49.73,"44":49.65,"45":49.68,"46":49.61,"47":49.64,"48":49.7,"49":49.67,"50":49.79,"51":50.28,"52":50.12,"53":50.23,"54":50.09,"55":50.18,"56":50.36,"57":50.38,"58":50.01,"59":50.29,"60":50.53,"61":50.85,"62":51.64,"63":51.48,"64":51.76,"65":51.6,"66":51.01,"67":51.01,"68":51.35,"69":51.87,"70":51.19,"71":51.62,"72":51.83,"73":52.8,"74":52.23,"75":52.29,"76":52.18,"77":52.09,"78":52.04,"79":52.13,"80":50.97,"81":51.16,"82":51.25,"83":50.85,"84":51.56,"85":52.14,"86":52.94,"87":53.46,"88":54.02,"89":54.19,"90":53.99,"91":54.55,"92":54.65,"93":55.05,"94":54.75,"95":54.56,"96":51.8,"97":0.0},"Date":{"0":1548945000000,"1":1549031400000,"2":1549290600000,"3":1549377000000,"4":1549463400000,"5":1549549800000,"6":1549636200000,"7":1549895400000,"8":1549981800000,"9":1550068200000,"10":1550154600000,"11":1550241000000,"12":1550586600000,"13":1550673000000,"14":1550759400000,"15":1550845800000,"16":1551105000000,"17":1551191400000,"18":1551277800000,"19":1551364200000,"20":1551450600000,"21":1551709800000,"22":1551796200000,"23":1551882600000,"24":1551969000000,"25":1552055400000,"26":1552311000000,"27":1552397400000,"28":1552483800000,"29":1552570200000,"30":1552656600000,"31":1552915800000,"32":1553002200000,"33":1553088600000,"34":1553175000000,"35":1553261400000,"36":1553520600000,"37":1553607000000,"38":1553693400000,"39":1553779800000,"40":1553866200000,"41":1554125400000,"42":1554211800000,"43":1554298200000,"44":1554384600000,"45":1554471000000,"46":1554730200000,"47":1554816600000,"48":1554903000000,"49":1554989400000,"50":1555075800000,"51":1555335000000,"52":1555421400000,"53":1555507800000,"54":1555594200000,"55":1555939800000,"56":1556026200000,"57":1556112600000,"58":1556199000000,"59":1556285400000,"60":1556544600000,"61":1556631000000,"62":1556717400000,"63":1556803800000,"64":1556890200000,"65":1557149400000,"66":1557235800000,"67":1557322200000,"68":1557408600000,"69":1557495000000,"70":1557754200000,"71":1557840600000,"72":1557927000000,"73":1558013400000,"74":1558099800000,"75":1558359000000,"76":1558445400000,"77":1558531800000,"78":1558618200000,"79":1558704600000,"80":1559050200000,"81":1559136600000,"82":1559223000000,"83":1559309400000,"84":1559568600000,"85":1559655000000,"86":1559741400000,"87":1559827800000,"88":1559914200000,"89":1560173400000,"90":1560259800000,"91":1560346200000,"92":1560432600000,"93":1560519000000,"94":1560778200000,"95":1560864600000,"96":1586266200000,"97":1586354400000}}