{"Predictions":{"0":[142.6046734141],"1":[146.3959869692],"2":[149.9443183428],"3":[149.6344430276],"4":[152.7601761707],"5":[147.5886036484],"6":[147.9849830617],"7":[146.0985160488],"8":[150.7513977467],"9":[153.1240956551],"10":[154.6833517401],"11":[157.5402578635],"12":[156.4469406388],"13":[158.5575686187],"14":[155.7215281906],"15":[158.9779826195],"16":[158.6209485208],"17":[157.1777239873],"18":[155.6480593628],"19":[153.9266083667],"20":[156.2809361708],"21":[156.7909748333],"22":[156.7548353607],"23":[152.28799986],"24":[149.1305381415],"25":[150.2712048883],"26":[160.6542230611],"27":[162.8582838505],"28":[169.2894699405],"29":[165.768115609],"30":[169.3069089372],"31":[168.8415234244],"32":[175.2956644177],"33":[174.7697030314],"34":[183.717315506],"35":[178.0269954641],"36":[173.8148761149],"37":[176.6860422841],"38":[175.6052316002],"39":[177.8114550998],"40":[179.8271419967],"41":[182.0767345147],"42":[183.2154148687],"43":[188.6349399651],"44":[188.3191852389],"45":[191.039111167],"46":[191.8919211578],"47":[189.1558613561],"48":[192.1570721856],"49":[191.3561117349],"50":[190.1761858245],"51":[185.1066256264],"52":[187.7959679428],"53":[187.1631637958],"54":[186.5853420602],"55":[188.8344401522],"56":[190.3688171993],"57":[191.4140970374],"58":[187.3435772271],"59":[178.2630781492],"60":[178.8711745339],"61":[180.4604556499],"62":[180.7720337629],"63":[183.8783343342],"64":[183.0022403988],"65":[180.0035395087],"66":[173.3801527528],"67":[173.5084767952],"68":[169.9682010114],"69":[169.0122719401],"70":[159.0368205536],"71":[161.5934458444],"72":[159.4358050152],"73":[160.201396743],"74":[157.3514332821],"75":[151.5609609798],"76":[154.8690927086],"77":[151.9717740751],"78":[147.7177062397],"79":[145.3579107781],"80":[142.7883746041],"81":[140.3260614165],"82":[139.2299579824],"83":[135.4368790008],"84":[133.6941540024],"85":[142.6300605258],"86":[141.3372444513],"87":[144.3198721222],"88":[145.6674493749],"89":[147.8263597239],"90":[150.9637148684],"91":[146.3834650247],"92":[148.1748026834],"93":[144.3848716899],"94":[144.7856319761],"95":[152.7426398599],"96":[153.0373174274],"97":[257.5945714608]},"Actual":{"0":144.73,"1":149.18,"2":149.95,"3":153.0,"4":147.42,"5":148.17,"6":146.45,"7":151.17,"8":152.88,"9":154.53,"10":157.34,"11":156.64,"12":158.55,"13":155.77,"14":159.19,"15":158.69,"16":157.1,"17":155.41,"18":154.26,"19":156.45,"20":156.78,"21":156.52,"22":152.05,"23":149.26,"24":150.64,"25":161.14,"26":162.52,"27":168.62,"28":165.56,"29":169.81,"30":168.95,"31":175.71,"32":174.4,"33":183.94,"34":177.5,"35":173.78,"36":176.87,"37":176.5,"38":177.25,"39":179.56,"40":182.28,"41":183.0,"42":188.62,"43":188.26,"44":190.95,"45":191.79,"46":189.26,"47":192.1,"48":191.54,"49":190.01,"50":184.7,"51":188.21,"52":187.29,"53":186.3,"54":188.47,"55":190.67,"56":191.17,"57":186.91,"58":178.09,"59":179.33,"60":181.0,"61":180.47,"62":183.19,"63":183.01,"64":179.85,"65":173.11,"66":173.92,"67":170.19,"68":168.82,"69":158.45,"70":162.04,"71":159.58,"72":160.19,"73":156.53,"74":151.75,"75":155.06,"76":152.2,"77":147.32,"78":145.15,"79":143.33,"80":140.34,"81":139.11,"82":135.46,"83":133.78,"84":143.0,"85":141.28,"86":143.78,"87":145.5,"88":148.43,"89":150.75,"90":146.2,"91":148.26,"92":144.64,"93":145.03,"94":152.88,"95":153.12,"96":259.7,"97":0.0},"Date":{"0":1549031400000,"1":1549290600000,"2":1549377000000,"3":1549463400000,"4":1549549800000,"5":1549636200000,"6":1549895400000,"7":1549981800000,"8":1550068200000,"9":1550154600000,"10":1550241000000,"11":1550586600000,"12":1550673000000,"13":1550759400000,"14":1550845800000,"15":1551105000000,"16":1551191400000,"17":1551277800000,"18":1551364200000,"19":1551450600000,"20":1551709800000,"21":1551796200000,"22":1551882600000,"23":1551969000000,"24":1552055400000,"25":1552311000000,"26":1552397400000,"27":1552483800000,"28":1552570200000,"29":1552656600000,"30":1552915800000,"31":1553002200000,"32":1553088600000,"33":1553175000000,"34":1553261400000,"35":1553520600000,"36":1553607000000,"37":1553693400000,"38":1553779800000,"39":1553866200000,"40":1554125400000,"41":1554211800000,"42":1554298200000,"43":1554384600000,"44":1554471000000,"45":1554730200000,"46":1554816600000,"47":1554903000000,"48":1554989400000,"49":1555075800000,"50":1555335000000,"51":1555421400000,"52":1555507800000,"53":1555594200000,"54":1555939800000,"55":1556026200000,"56":1556112600000,"57":1556199000000,"58":1556285400000,"59":1556544600000,"60":1556631000000,"61":1556717400000,"62":1556803800000,"63":1556890200000,"64":1557149400000,"65":1557235800000,"66":1557322200000,"67":1557408600000,"68":1557495000000,"69":1557754200000,"70":1557840600000,"71":1557927000000,"72":1558013400000,"73":1558099800000,"74":1558359000000,"75":1558445400000,"76":1558531800000,"77":1558618200000,"78":1558704600000,"79":1559050200000,"80":1559136600000,"81":1559223000000,"82":1559309400000,"83":1559568600000,"84":1559655000000,"85":1559741400000,"86":1559827800000,"87":1559914200000,"88":1560173400000,"89":1560259800000,"90":1560346200000,"91":1560432600000,"92":1560519000000,"93":1560778200000,"94":1560864600000,"95":1560951000000,"96":1586266200000,"97":1586354400000}}